Label,A_0,A_1,A_2,R_0,R_1,R_2,R_3,R_4,R_5,R_6,R_7
Specificity Sum,34,35,26,32,34,27,18,32,30,32,27
Accuracy Sum,26.20436507936508,29.19047619047619,20.686363636363637,25.63888888888889,23.649062049062046,22.46388888888889,15.783333333333333,28.94166666666667,25.66547619047619,26.505555555555556,19.391919191919193
