Label,A_0,A_1,A_2,R_0,R_1,R_2,R_3,R_4,R_5,R_6,R_7
Specificity Sum,34,38,32,32,30,31,33,31,28,29,47
Accuracy Sum,30.33150183150183,34.42575757575757,29.67683982683983,26.865546218487395,26.279761904761905,26.96904761904762,26.713744588744593,24.734593837535016,24.658136600241864,26.038211788211786,39.26241908246553
