Label,A_0,A_1,A_2,R_0,R_1,R_2,R_3,R_4,R_5,R_6,R_7
Specificity Sum,654,657,694,232,249,276,248,289,301,231,279
Accuracy Sum,572.6495909909789,572.0081716558482,600.8560538292586,192.79411452135497,206.60040276494055,224.43977899475743,204.77833566629275,238.94905746395622,249.04539307915567,190.8181257658584,227.34545296409897
