Label,A_0,A_1,A_2,R_0,R_1,R_2,R_3,R_4,R_5,R_6,R_7
Specificity Sum,38,40,48,50,54,39,44,49,46,35,50
Accuracy Sum,35.0,33.56944444444444,40.710317460317455,40.27777777777777,47.50476190476191,32.06587301587301,32.12142857142857,43.69444444444444,35.94087301587302,29.433333333333334,41.28888888888889
