Label,A_0,A_1,A_2,R_0,R_1,R_2,R_3,R_4,R_5,R_6,R_7
Specificity Sum,635,677,643,266,287,297,265,253,296,264,282
Accuracy Sum,554.0591608761874,591.1631849556306,557.4595671450402,222.27289544640232,233.11327950327544,248.27993679782307,222.97613485322668,210.5835109328716,243.6854024303181,218.01384748149272,231.3652001042721
