Label,A_0,A_1,A_2,R_0,R_1,R_2,R_3,R_4,R_5,R_6,R_7
Specificity Sum,653,660,649,268,321,264,270,285,232,280,280
Accuracy Sum,568.5757586460616,575.542475421978,567.4889031770632,220.82536844692274,263.74398937608356,218.37973456794256,222.7565611776039,234.7757992910562,190.35417641361053,236.31230554217754,227.79224387875723
