Label,A_0,A_1,A_2,R_0,R_1,R_2,R_3,R_4,R_5,R_6,R_7
Specificity Sum,679,675,652,276,215,230,229,273,274,293,272
Accuracy Sum,596.9870339802109,588.6515069688196,568.7583036170757,224.2331127882829,178.0696969360716,190.0838527477883,188.48060215096586,226.46180665419,229.33334598061546,240.62193041536295,222.63830004777682
