Label,A_0,A_1,A_2,R_0,R_1,R_2,R_3,R_4,R_5,R_6,R_7
Specificity Sum,32,44,41,40,36,44,45,38,27,42,41
Accuracy Sum,29.75,37.48856209150327,37.53333333333333,33.06111111111111,30.200000000000006,37.449999999999996,35.83856209150327,34.28333333333333,24.333333333333332,35.99999999999999,36.36666666666666
