Label,A_0,A_1,A_2,R_0,R_1,R_2,R_3,R_4,R_5,R_6,R_7
Specificity Sum,34,36,39,33,33,33,30,23,32,31,29
Accuracy Sum,24.56203007518797,27.415565428723323,29.970202020202027,25.43686868686869,25.4,30.681372549019606,24.333333333333332,19.936363636363634,23.05,27.875816993464053,23.683333333333334
