Label,A_0,A_1,A_2,R_0,R_1,R_2,R_3,R_4,R_5,R_6,R_7
Specificity Sum,30,28,24,38,31,42,28,34,34,30,36
Accuracy Sum,24.466666666666665,26.25,20.390476190476193,32.97222222222223,24.423809523809524,35.862336093857834,24.75,28.166666666666664,27.65678053830228,25.39047619047619,29.316666666666666
