Label,A_0,A_1,A_2,R_0,R_1,R_2,R_3,R_4,R_5,R_6,R_7
Specificity Sum,47,43,45,51,41,30,33,46,39,39,41
Accuracy Sum,36.71666666666667,35.33333333333333,35.56666666666668,36.46666666666667,30.483333333333338,23.5,24.033333333333335,33.800000000000004,33.099999999999994,30.583333333333332,32.85000000000001
