Label,A_0,A_1,A_2,R_0,R_1,R_2,R_3,R_4,R_5,R_6,R_7
Specificity Sum,688,677,614,256,271,270,265,268,280,287,287
Accuracy Sum,602.3586985356841,596.923142746571,537.9868771343351,209.56100777354263,224.59685003701196,222.83070549608559,210.78621247519342,219.3498473832034,233.06432549104892,242.17800529964575,239.62534217308882
