Label,A_0,A_1,A_2,R_0,R_1,R_2,R_3,R_4,R_5,R_6,R_7
Specificity Sum,627,706,693,286,237,267,244,252,265,255,275
Accuracy Sum,554.0605274240407,617.2253172640891,602.1181362489018,232.02368891561503,195.24421520074458,221.1803555256353,200.99774875314904,206.2751069522798,212.75684860142866,214.35645159417714,220.3219423876979
