Label,A_0,A_1,A_2,R_0,R_1,R_2,R_3,R_4,R_5,R_6,R_7
Specificity Sum,515,672,647,330,300,280,272,344,335,269,312
Accuracy Sum,443.43620062753195,574.5167321078329,552.5021986120198,272.29854744540773,235.85056602519282,223.65800635648495,214.89858466233932,283.53029513419375,267.9428758012239,220.50962840666952,250.61913101493747
