Label,A_0,A_1,A_2,R_0,R_1,R_2,R_3,R_4,R_5,R_6,R_7
Specificity Sum,27,23,30,28,22,21,12,30,40,21,33
Accuracy Sum,18.830980130980127,15.928571428571429,21.87359307359307,20.645238095238096,15.601282051282052,12.882478632478634,10.150000000000002,22.073809523809526,24.441053391053394,13.15,20.654484404484403
