Label,A_0,A_1,A_2,R_0,R_1,R_2,R_3,R_4,R_5,R_6,R_7
Specificity Sum,37,37,46,45,36,38,30,36,47,41,28
Accuracy Sum,28.39206349206349,28.314087301587303,35.893452380952375,35.00714285714285,29.57519841269841,29.77777777777778,27.323809523809526,30.391865079365076,38.42916666666666,33.266666666666666,23.47222222222222
