Label,A_0,A_1,A_2,R_0,R_1,R_2,R_3,R_4,R_5,R_6,R_7
Specificity Sum,653,703,699,288,265,236,264,255,272,256,248
Accuracy Sum,567.3565959434892,611.2864325318673,603.8050592333383,234.98790897037597,219.92542143475598,194.92981064198378,213.8489805163559,210.80144233479675,222.50820557291564,209.4226527086607,202.07954826893118
