Label,A_0,A_1,A_2,R_0,R_1,R_2,R_3,R_4,R_5,R_6,R_7
Specificity Sum,648,698,640,241,246,272,248,281,257,311,250
Accuracy Sum,567.3877982836834,606.5781431316034,558.806322160579,200.4918187403063,199.5617308348133,223.32889133013663,202.96395979547412,232.53021433948075,213.49057497267864,251.17806481241783,200.59582376970005
