Label,A_0,A_1,A_2,R_0,R_1,R_2,R_3,R_4,R_5,R_6,R_7
Specificity Sum,38,40,30,40,30,38,36,37,29,28,34
Accuracy Sum,29.169913419913424,31.89166666666667,23.965151515151515,31.577130325814537,25.21666666666667,30.896428571428572,28.47142857142857,27.404761904761905,24.28333333333333,20.725,26.81046365914787
