Label,A_0,A_1,A_2,R_0,R_1,R_2,R_3,R_4,R_5,R_6,R_7
Specificity Sum,42,37,43,30,39,45,44,42,48,35,51
Accuracy Sum,33.62976190476191,33.0,35.93333333333334,25.34469696969697,31.21309523809524,36.04642857142858,35.41969696969697,31.83809523809524,36.76785714285714,24.99285714285714,43.76136363636364
